<?xml version="1.0" encoding="UTF-8"?>

<mule xmlns:github="http://www.mulesoft.org/schema/mule/github" xmlns:file="http://www.mulesoft.org/schema/mule/file" xmlns:json="http://www.mulesoft.org/schema/mule/json" xmlns:http="http://www.mulesoft.org/schema/mule/http" xmlns:sfdc="http://www.mulesoft.org/schema/mule/sfdc" xmlns="http://www.mulesoft.org/schema/mule/core" xmlns:doc="http://www.mulesoft.org/schema/mule/documentation"
	xmlns:spring="http://www.springframework.org/schema/beans" 
	xmlns:xsi="http://www.w3.org/2001/XMLSchema-instance"
	xsi:schemaLocation="http://www.springframework.org/schema/beans http://www.springframework.org/schema/beans/spring-beans-current.xsd
http://www.mulesoft.org/schema/mule/core http://www.mulesoft.org/schema/mule/core/current/mule.xsd
http://www.mulesoft.org/schema/mule/json http://www.mulesoft.org/schema/mule/json/current/mule-json.xsd
http://www.mulesoft.org/schema/mule/http http://www.mulesoft.org/schema/mule/http/current/mule-http.xsd
http://www.mulesoft.org/schema/mule/sfdc http://www.mulesoft.org/schema/mule/sfdc/current/mule-sfdc.xsd
http://www.mulesoft.org/schema/mule/file http://www.mulesoft.org/schema/mule/file/current/mule-file.xsd
http://www.mulesoft.org/schema/mule/github http://www.mulesoft.org/schema/mule/github/current/mule-github.xsd">
    <http:listener-config name="HTTP_Listener_Configuration" host="0.0.0.0" port="8085" doc:name="HTTP Listener Configuration"/>
    <sfdc:config name="Salesforce__Basic_Authentication" username="atasahalu28@gmail.com" password="ETHiopia_1234" securityToken="VkeqjaAbO8gTLEnu5mBIKehJ" doc:name="Salesforce: Basic Authentication"/>
    <github:config name="GitHub__Configuration" connectionUser="ategetu" connectionPassword="ETHiopia_1234" scope="user,repo,public_repo,gist" doc:name="GitHub: Configuration"/>
    <flow name="salesforce_toget_dataFlow">
        <http:listener config-ref="HTTP_Listener_Configuration" path="/sfdctest" allowedMethods="GET" doc:name="HTTP"/>
        <logger level="INFO" doc:name="Logger"/>
        <sfdc:query config-ref="Salesforce__Basic_Authentication" query="dsql:SELECT BillingCity,Id,Name FROM Account ORDER BY BillingCity ASC" doc:name="Salesforce"/>
        <json:object-to-json-transformer doc:name="Object to JSON"/>
        <logger level="INFO" doc:name="Logger"/>
        <file:outbound-endpoint path="C:\Users\atlge\OneDrive\Desktop\Mule_class\Resume\Salesforce\Sales_output" outputPattern="test.txt" responseTimeout="10000" doc:name="File"/>
    </flow>
</mule>
